{
   "r":[0,146.34,77.97,-877.95,100000,100000,32.28,-15.996,15.996,-32.28,22.18,1000000],
   "d":[0,3.75,7.5,214.33199,104,24.26326,6.5,3,6.5,1,3.5],
   "n":[0,1,1.6475,1.5163,1,1.5163,1,1.518296,1.629837,1.518296,1,1.591477,1]
}